<?xml version="1.0" encoding="UTF-8"?>
<!DOCTYPE suite SYSTEM "http://testng.org/testng-1.0.dtd">
<suite name="Tech Verito Test Suite">
	<listeners>
		<listener class-name="com.test.listners.TestListener" />
		<listener class-name="com.test.listners.AnnotationTransformer" />
	</listeners>

	<test name="CodingRound">
		<classes>
			<class name="com.test.testcases.LoginTest" />
			<class name="com.test.testcases.AddNewProductTest" />
			<class name="com.test.testcases.ProductListTest" />
		</classes>
	</test>
</suite>